agent_1,agent_2,edge
равноправие,справедливость,создать
оон,справедливость,создать
сосед,справедливость,создать
народ,справедливость,создать
преамбула,справедливость,создать
текст,справедливость,создать
терпимость,справедливость,создать
устав,справедливость,создать
друг,справедливость,создать
сила,справедливость,создать
мы,справедливость,создать
равноправие,условие,создать при
оон,условие,создать при
сосед,условие,создать при
народ,условие,создать при
преамбула,условие,создать при
текст,условие,создать при
терпимость,условие,создать при
устав,условие,создать при
друг,условие,создать при
сила,условие,создать при
мы,условие,создать при
равноправие,который,создать при
оон,который,создать при
сосед,который,создать при
народ,который,создать при
преамбула,который,создать при
текст,который,создать при
терпимость,который,создать при
устав,который,создать при
друг,который,создать при
сила,который,создать при
мы,который,создать при
равноправие,уважение,создать к
оон,уважение,создать к
сосед,уважение,создать к
народ,уважение,создать к
преамбула,уважение,создать к
текст,уважение,создать к
терпимость,уважение,создать к
устав,уважение,создать к
друг,уважение,создать к
сила,уважение,создать к
мы,уважение,создать к
равноправие,обязательство,создать к
оон,обязательство,создать к
сосед,обязательство,создать к
народ,обязательство,создать к
преамбула,обязательство,создать к
текст,обязательство,создать к
терпимость,обязательство,создать к
устав,обязательство,создать к
друг,обязательство,создать к
сила,обязательство,создать к
мы,обязательство,создать к
равноправие,договор,вытекать из
оон,договор,вытекать из
сосед,договор,вытекать из
народ,договор,вытекать из
преамбула,договор,вытекать из
текст,договор,вытекать из
терпимость,договор,вытекать из
устав,договор,вытекать из
друг,договор,вытекать из
сила,договор,вытекать из
мы,договор,вытекать из
равноправие,цель,проявлять
оон,цель,проявлять
сосед,цель,проявлять
народ,цель,проявлять
преамбула,цель,проявлять
текст,цель,проявлять
терпимость,цель,проявлять
устав,цель,проявлять
друг,цель,проявлять
сила,цель,проявлять
мы,цель,проявлять
равноправие,прогресс,объединить решить
оон,прогресс,объединить решить
сосед,прогресс,объединить решить
народ,прогресс,объединить решить
преамбула,прогресс,объединить решить
текст,прогресс,объединить решить
терпимость,прогресс,объединить решить
устав,прогресс,объединить решить
друг,прогресс,объединить решить
сила,прогресс,объединить решить
мы,прогресс,объединить решить
война,бедствие,possessive
женщина,мужчина,possessive
жизнь,условие,possessive
установление,метод,possessive
народ,весь,possessive
этот,достижение,possessive
этот,этот,possessive
этот,цель,possessive
война,бедствие,от
жизнь,наш,в
ценность,достоинство,в
мужчина,равноправие,в
друг,мир,в
этот,достижение,для
этот,этот,с
народ,представитель,объединить принять согласиться найти предъявивших собраться через
народ,город,объединить принять согласиться найти предъявивших в
народ,полномочие,объединить принять согласиться найти
народ,народ,объединить принять согласиться найти
народ,форма,объединить принять согласиться
народ,устав,объединить
народ,текст,согласно
санфранциско,город,в
улаживание,цель,поддерживать
организация,цель,поддерживать
разрешение,цель,поддерживать
народ,цель,поддерживать
статья,цель,поддерживать
глава,цель,поддерживать
принцип,цель,поддерживать
цель,цель,поддерживать
улаживание,нарушение,развивать к
организация,нарушение,развивать к
разрешение,нарушение,развивать к
народ,нарушение,развивать к
статья,нарушение,развивать к
глава,нарушение,развивать к
принцип,нарушение,развивать к
цель,нарушение,развивать к
улаживание,народ,осуществлять
организация,народ,осуществлять
разрешение,народ,осуществлять
народ,народ,осуществлять
статья,народ,осуществлять
глава,народ,осуществлять
принцип,народ,осуществлять
цель,народ,осуществлять
улаживание,мера,осуществлять для
организация,мера,осуществлять для
разрешение,мера,осуществлять для
народ,мера,осуществлять для
статья,мера,осуществлять для
глава,мера,осуществлять для
принцип,мера,осуществлять для
цель,мера,осуществлять для
улаживание,укрепление,осуществлять для
организация,укрепление,осуществлять для
разрешение,укрепление,осуществлять для
народ,укрепление,осуществлять для
статья,укрепление,осуществлять для
глава,укрепление,осуществлять для
принцип,укрепление,осуществлять для
цель,укрепление,осуществлять для
мир,угроза,possessive
агрессия,акт,possessive
право,агрессия,possessive
народ,нарушение,possessive
улаживание,право,possessive
разрешение,спор,possessive
народ,ситуация,possessive
принцип,уважение,possessive
равноправие,принцип,possessive
раса,различие,possessive
пол,раса,possessive
язык,пол,possessive
развитие,язык,possessive
действие,согласование,possessive
нация,действие,possessive
справедливость,принцип,с
мир,нарушение,к
уважение,основа,на
человек,право,к
раса,различие,без
действие,согласование,для
народ,достижение,в
организация,соответствие,принять выполнять объединить основать
член,принцип,принять выполнять объединить
устать,принцип,принять выполнять объединить
член,преимущество,вытекать
член,право,вытекать
устав,преимущество,вытекать
устав,право,вытекать
принцип,преимущество,вытекать
принцип,право,вытекать
государство,преимущество,вытекать
государство,право,вытекать
устать,преимущество,вытекать
устать,право,вытекать
организация,преимущество,вытекать
организация,право,вытекать
народ,преимущество,вытекать
народ,право,вытекать
статья,преимущество,вытекать
статья,право,вытекать
текст,преимущество,вытекать
текст,право,вытекать
устать,справедливость,воздерживаться объединить
член,справедливость,воздерживаться объединить
член,оон,предпринимать объединить воздерживаться предпринимать
член,действие,предпринимать объединить воздерживаться предпринимать
устав,оон,предпринимать объединить воздерживаться предпринимать
устав,действие,предпринимать объединить воздерживаться предпринимать
принцип,оон,предпринимать объединить воздерживаться предпринимать
принцип,действие,предпринимать объединить воздерживаться предпринимать
государство,оон,предпринимать объединить воздерживаться предпринимать
государство,действие,предпринимать объединить воздерживаться предпринимать
устать,оон,предпринимать объединить воздерживаться предпринимать
устать,действие,предпринимать объединить воздерживаться предпринимать
организация,оон,предпринимать объединить воздерживаться предпринимать
организация,действие,предпринимать объединить воздерживаться предпринимать
народ,оон,предпринимать объединить воздерживаться предпринимать
народ,действие,предпринимать объединить воздерживаться предпринимать
статья,оон,предпринимать объединить воздерживаться предпринимать
статья,действие,предпринимать объединить воздерживаться предпринимать
текст,оон,предпринимать объединить воздерживаться предпринимать
текст,действие,предпринимать объединить воздерживаться предпринимать
член,помощь,предпринимать объединить воздерживаться предпринимать во
устав,помощь,предпринимать объединить воздерживаться предпринимать во
принцип,помощь,предпринимать объединить воздерживаться предпринимать во
государство,помощь,предпринимать объединить воздерживаться предпринимать во
устать,помощь,предпринимать объединить воздерживаться предпринимать во
организация,помощь,предпринимать объединить воздерживаться предпринимать во
народ,помощь,предпринимать объединить воздерживаться предпринимать во
статья,помощь,предпринимать объединить воздерживаться предпринимать во
текст,помощь,предпринимать объединить воздерживаться предпринимать во
член,народ,предпринимать объединить воздерживаться предпринимать во
устав,народ,предпринимать объединить воздерживаться предпринимать во
принцип,народ,предпринимать объединить воздерживаться предпринимать во
государство,народ,предпринимать объединить воздерживаться предпринимать во
устать,народ,предпринимать объединить воздерживаться предпринимать во
организация,народ,предпринимать объединить воздерживаться предпринимать во
народ,народ,предпринимать объединить воздерживаться предпринимать во
статья,народ,предпринимать объединить воздерживаться предпринимать во
текст,народ,предпринимать объединить воздерживаться предпринимать во
член,оон,предпринимать объединить воздерживаться в
устав,оон,предпринимать объединить воздерживаться в
принцип,оон,предпринимать объединить воздерживаться в
государство,оон,предпринимать объединить воздерживаться в
устать,оон,предпринимать объединить воздерживаться в
организация,оон,предпринимать объединить воздерживаться в
народ,оон,предпринимать объединить воздерживаться в
статья,оон,предпринимать объединить воздерживаться в
текст,оон,предпринимать объединить воздерживаться в
член,соответствие,предпринимать объединить воздерживаться с
устав,соответствие,предпринимать объединить воздерживаться с
принцип,соответствие,предпринимать объединить воздерживаться с
государство,соответствие,предпринимать объединить воздерживаться с
устать,соответствие,предпринимать объединить воздерживаться с
организация,соответствие,предпринимать объединить воздерживаться с
народ,соответствие,предпринимать объединить воздерживаться с
статья,соответствие,предпринимать объединить воздерживаться с
текст,соответствие,предпринимать объединить воздерживаться с
член,устав,предпринимать объединить воздерживаться с
устав,устав,предпринимать объединить воздерживаться с
принцип,устав,предпринимать объединить воздерживаться с
государство,устав,предпринимать объединить воздерживаться с
устать,устав,предпринимать объединить воздерживаться с
организация,устав,предпринимать объединить воздерживаться с
народ,устав,предпринимать объединить воздерживаться с
статья,устав,предпринимать объединить воздерживаться с
текст,устав,предпринимать объединить воздерживаться с
организация,государство,предпринимать объединить
организация,текст,предпринимать объединить
государство,соответствие,оказаться мочь
народ,соответствие,оказаться мочь
устать,соответствие,оказаться мочь
устав,мера,не входить объединить давать
устав,оон,не входить объединить давать в
член,право,входить на
устав,право,входить на
принцип,право,входить на
государство,право,входить на
устать,право,входить на
организация,право,входить на
народ,право,входить на
статья,право,входить на
текст,право,входить на
член,вмешательство,входить в
устав,вмешательство,входить в
принцип,вмешательство,входить в
государство,вмешательство,входить в
устать,вмешательство,входить в
организация,вмешательство,входить в
народ,вмешательство,входить в
статья,вмешательство,входить в
текст,вмешательство,входить в
член,дело,входить по
устав,дело,входить по
принцип,дело,входить по
государство,дело,входить по
устать,дело,входить по
организация,дело,входить по
народ,дело,входить по
статья,дело,входить по
текст,дело,входить по
член,существо,входить по
устав,существо,входить по
принцип,существо,входить по
государство,существо,входить по
устать,существо,входить по
организация,существо,входить по
народ,существо,входить по
статья,существо,входить по
текст,существо,входить по
член,порядок,не требовать
устав,порядок,не требовать
принцип,порядок,не требовать
государство,порядок,не требовать
устать,порядок,не требовать
организация,порядок,не требовать
народ,порядок,не требовать
статья,порядок,не требовать
текст,порядок,не требовать
член,член,не требовать от
устав,член,не требовать от
принцип,член,не требовать от
государство,член,не требовать от
устать,член,не требовать от
организация,член,не требовать от
народ,член,не требовать от
статья,член,не требовать от
текст,член,не требовать от
член,мера,не требовать на
устав,мера,не требовать на
принцип,мера,не требовать на
государство,мера,не требовать на
устать,мера,не требовать на
организация,мера,не требовать на
народ,мера,не требовать на
статья,мера,не требовать на
текст,мера,не требовать на
член,основание,не требовать на
устав,основание,не требовать на
принцип,основание,не требовать на
государство,основание,не требовать на
устать,основание,не требовать на
организация,основание,не требовать на
народ,основание,не требовать на
статья,основание,не требовать на
текст,основание,не требовать на
член,народ,объединить представлять
устав,народ,объединить представлять
принцип,народ,объединить представлять
государство,народ,объединить представлять
устать,народ,объединить представлять
организация,народ,объединить представлять
народ,народ,объединить представлять
статья,народ,объединить представлять
текст,народ,объединить представлять
член,дело,объединить представлять на
устав,дело,объединить представлять на
принцип,дело,объединить представлять на
государство,дело,объединить представлять на
устать,дело,объединить представлять на
организация,дело,объединить представлять на
народ,дело,объединить представлять на
статья,дело,объединить представлять на
текст,дело,объединить представлять на
член,разрешение,объединить представлять на
устав,разрешение,объединить представлять на
принцип,разрешение,объединить представлять на
государство,разрешение,объединить представлять на
устать,разрешение,объединить представлять на
организация,разрешение,объединить представлять на
народ,разрешение,объединить представлять на
статья,разрешение,объединить представлять на
текст,разрешение,объединить представлять на
народ,равенство,possessive
оон,народ,possessive
устать,член,possessive
член,организация,possessive
организация,член,possessive
устать,организация,possessive
сила,угроза,possessive
устать,поколение,possessive
устать,государство,possessive
устать,нация,possessive
помощь,оказание,possessive
текст,помощь,possessive
организация,поколение,possessive
организация,характер,possessive
право,нация,possessive
государство,поколение,possessive
текст,устав,possessive
член,состав,к
действие,народ,во
помощь,оказание,от
организация,поколение,против
мера,оон,в
народ,дело,на
глава,основание,на
статья,декларация,объединить
член,декларация,объединить
государство,декларация,объединить
глава,декларация,объединить
народ,декларация,объединить
статья,участие,объединить в
член,участие,объединить в
государство,участие,объединить в
глава,участие,объединить в
народ,участие,объединить в
статья,конференция,объединить в
член,конференция,объединить в
государство,конференция,объединить в
глава,конференция,объединить в
народ,конференция,объединить в
статья,санфранциско,объединить по
член,санфранциско,объединить по
государство,санфранциско,объединить по
глава,санфранциско,объединить по
народ,санфранциско,объединить по
статья,создание,объединить по
член,создание,объединить по
государство,создание,объединить по
глава,создание,объединить по
народ,создание,объединить по
статья,организация,possessive
декларация,организация,possessive
январь,год,possessive
народ,статья,от
народ,статья,со
представитель,город,содержаться на
представитель,суждение,выполнять желать мочь по
прием,суждение,выполнять желать мочь по
статья,суждение,выполнять желать мочь по
представитель,представитель,выполнять
представитель,обязательство,выполнять
прием,представитель,выполнять
прием,обязательство,выполнять
статья,представитель,выполнять
статья,обязательство,выполнять
представитель,представитель,possessive
представитель,государство,possessive
представитель,представитель,для
организация,суждение,по
согласие,согласие,possessive
государство,согласие,possessive
совет,безопасность,possessive
совет,рекомендация,по
статья,право,приостанавливать по
ассамблея,право,приостанавливать по
статья,рекомендация,приостанавливать по
ассамблея,рекомендация,приостанавливать по
действие,безопасность,possessive
безопасность,совет,possessive
право,член,possessive
осуществление,право,possessive
статья,принцип,нарушать исключить быть мочь содержаться
член,принцип,нарушать исключить быть мочь содержаться
статья,устав,нарушать исключить быть мочь
член,устав,нарушать исключить быть мочь
статья,ассамблея,нарушать исключить по
член,ассамблея,нарушать исключить по
статья,рекомендация,нарушать исключить по
член,рекомендация,нарушать исключить по
статья,совет,нарушать исключить из
член,совет,нарушать исключить из
организация,ограничение,участвовать в
статья,ограничение,участвовать в
организация,отношение,участвовать в
статья,отношение,участвовать в
ограничение,принцип,possessive
мужчина,право,possessive
право,отношение,в
качество,устав,в
член,принцип,possessive
полномочие,полномочие,относиться к
функция,полномочие,относиться к
ассамблея,полномочие,относиться к
статья,полномочие,относиться к
полномочие,вопрос,объединить делать предусмотреть предусмотреть
полномочие,орган,объединить делать предусмотреть предусмотреть
функция,вопрос,объединить делать предусмотреть предусмотреть
функция,орган,объединить делать предусмотреть предусмотреть
ассамблея,вопрос,объединить делать предусмотреть предусмотреть
ассамблея,орган,объединить делать предусмотреть предусмотреть
статья,вопрос,объединить делать предусмотреть предусмотреть
статья,орган,объединить делать предусмотреть предусмотреть
полномочие,предел,объединить делать предусмотреть предусмотреть
полномочие,функция,объединить делать предусмотреть предусмотреть
функция,предел,объединить делать предусмотреть предусмотреть
функция,функция,объединить делать предусмотреть предусмотреть
ассамблея,предел,объединить делать предусмотреть предусмотреть
ассамблея,функция,объединить делать предусмотреть предусмотреть
статья,предел,объединить делать предусмотреть предусмотреть
статья,функция,объединить делать предусмотреть предусмотреть
полномочие,соответствие,объединить делать предусмотреть предусмотреть из
функция,соответствие,объединить делать предусмотреть предусмотреть из
ассамблея,соответствие,объединить делать предусмотреть предусмотреть из
статья,соответствие,объединить делать предусмотреть предусмотреть из
полномочие,орган,объединить делать предусмотреть предусмотреть из
функция,орган,объединить делать предусмотреть предусмотреть из
ассамблея,орган,объединить делать предусмотреть предусмотреть из
статья,орган,объединить делать предусмотреть предусмотреть из
полномочие,устав,объединить делать предусмотреть за
функция,устав,объединить делать предусмотреть за
ассамблея,устав,объединить делать предусмотреть за
статья,устав,объединить делать предусмотреть за
полномочие,исключение,объединить делать предусмотреть за
функция,исключение,объединить делать предусмотреть за
ассамблея,исключение,объединить делать предусмотреть за
статья,исключение,объединить делать предусмотреть за
полномочие,рекомендация,объединить
функция,рекомендация,объединить
ассамблея,рекомендация,объединить
статья,рекомендация,объединить
полномочие,член,объединить
функция,член,объединить
ассамблея,член,объединить
статья,член,объединить
соответствие,устав,possessive
состав,состав,по
принцип,число,определять
принцип,отношение,определять
принцип,ограничение,possessive
рекомендация,принцип,possessive
член,рекомендация,possessive
число,отношение,в
ограничение,отношение,в
ассамблея,организация,делать предусмотреть в
представитель,организация,делать предусмотреть в
сотрудничество,организация,делать предусмотреть в
вопрос,организация,делать предусмотреть в
ассамблея,соответствие,делать предусмотреть с
представитель,соответствие,делать предусмотреть с
сотрудничество,соответствие,делать предусмотреть с
вопрос,соответствие,делать предусмотреть с
ассамблея,исключение,делать предусмотреть за
представитель,исключение,делать предусмотреть за
сотрудничество,исключение,делать предусмотреть за
вопрос,исключение,делать предусмотреть за
вопрос,представитель,possessive
рекомендация,вопрос,possessive
безопасность,ассамблея,перед
представитель,отношение,в
организация,действие,передаваться
вопрос,действие,передаваться
функция,внимание,обращать
ассамблея,внимание,обращать
функция,ситуация,на
полномочие,статья,ограничивать
ассамблея,статья,ограничивать
ассамблея,смысл,possessive
смысл,статья,possessive
спор,член,possessive
совет,вопрос,относиться
совет,ассамблея,относиться
секретарь,вопрос,относиться
секретарь,ассамблея,относиться
ассамблея,вопрос,относиться
ассамблея,ассамблея,относиться
рассмотрение,вопрос,относиться
рассмотрение,ассамблея,относиться
совет,ассамблею,относиться на
секретарь,ассамблею,относиться на
ассамблея,ассамблею,относиться на
рассмотрение,ассамблею,относиться на
совет,сессия,относиться о
секретарь,сессия,относиться о
ассамблея,сессия,относиться о
рассмотрение,сессия,относиться о
совет,полномочие,относиться о
секретарь,полномочие,относиться о
ассамблея,полномочие,относиться о
рассмотрение,полномочие,относиться о
совет,согласие,possessive
рассмотрение,полномочие,possessive
полномочие,вопрос,possessive
совет,согласие,с
ассамблея,ассамблея,на
вопрос,полномочие,о
совет,рассмотрение,на
ассамблея,область,делать
статья,область,делать
ассамблея,рекомендация,делать в
статья,рекомендация,делать в
ассамблея,цель,делать в
статья,цель,делать в
ассамблея,сотрудничество,делать в
статья,сотрудничество,делать в
цель,содействие,possessive
поощрение,право,possessive
содействие,кодификация,possessive
образование,культура,possessive
здравоохранение,образование,possessive
человек,право,possessive
полномочие,язык,possessive
ассамблея,полномочие,упомянуть
ассамблея,отношение,упомянуть в
ассамблея,мнение,мочь
статья,положение,possessive
положение,статья,possessive
статья,улаживание,possessive
ситуация,статья,possessive
происхождение,статья,possessive
статья,происхождение,possessive
положение,нарушение,possessive
ситуация,положение,possessive
принцип,цель,possessive
принцип,нация,possessive
вопрос,отношение,в
положение,соблюдение,с
ассамблея,мнение,по
нарушение,результат,в
функция,доклад,включать
доклад,доклад,включать
совет,функция,предпринять решить
функция,безопасность,possessive
ассамблея,доклад,получать
орган,вопрос,possessive
орган,организация,possessive
опека,система,possessive
рекомендация,опека,possessive
ассамблея,соглашение,упомянуть со
ассамблея,бюджет,проверять
ассамблея,рекомендация,проверять
ассамблея,учреждение,проверять
ассамблея,учреждение,проверять с
ассамблея,статья,проверять с
цель,статья,с
решение,вопрос,присутствовать приниматься
ассамблея,вопрос,присутствовать приниматься
решение,большинство,присутствовать в
ассамблея,большинство,присутствовать в
ассамблея,член,possessive
член,голосование,в
вопрос,рекомендация,включать в
член,рекомендация,включать в
вопрос,отношение,включать в
член,отношение,включать в
прием,соответствие,объединить
прием,опек,объединить
выборы,соответствие,объединить
выборы,опек,объединить
прием,член,объединить в
выборы,член,объединить в
прием,организация,объединить в
выборы,организация,объединить в
выборы,безопасность,possessive
совет,член,possessive
выборы,член,possessive
выборы,совет,possessive
приостановление,нация,possessive
исключение,привилегия,possessive
исключение,организация,possessive
поддержание,отношение,в
привилегия,исключение,из
учреждение,решение,присутствовать приниматься
решение,решение,присутствовать приниматься
учреждение,большинство,присутствовать приниматься в
решение,большинство,присутствовать приниматься в
учреждение,голосование,участвовать в
решение,голосование,участвовать в
вопрос,категория,possessive
учреждение,вопрос,possessive
голос,треть,possessive
задолженность,уплата,равняться лишаться по
сумма,ассамблея,равняться
статья,член,превышать с
задолженность,член,превышать с
сумма,член,превышать с
член,член,превышать с
статья,сумма,причитаться
задолженность,сумма,причитаться
сумма,сумма,причитаться
член,сумма,причитаться
голос,право,possessive
организация,вопрос,за
организация,уплата,по
ассамблея,совет,участвовать
ассамблея,член,участвовать
треть,совет,участвовать
треть,член,участвовать
просрочка,совет,участвовать
просрочка,член,участвовать
треть,голосование,участвовать признавать
просрочка,платеж,possessive
рекомендация,сессия,possessive
сессия,рекомендация,possessive
большинство,член,possessive
правило,процедура,possessive
председатель,организация,на
обстоятельство,осуществление,possessive
функция,обстоятельство,possessive
статья,функция,possessive
обстоятельство,осуществление,для
франция,великобритания,possessive
штат,америка,possessive
франция,совет,possessive
ассамблея,организация,уделять в
ассамблея,качество,уделять в
орган,член,possessive
участие,степень,possessive
член,участие,possessive
организация,мир,possessive
цель,орган,possessive
организация,цель,possessive
орган,достижение,в
член,совет,possessive
совет,увеличение,possessive
год,состав,в
член,переизбрание,не подлежать
совет,качество,possessive
качество,представитель,possessive
функция,увеличение,действовать вытекать при
полномочие,увеличение,действовать вытекать при
статья,увеличение,действовать вытекать при
член,увеличение,действовать вытекать при
совет,увеличение,действовать вытекать при
функция,исполнение,действовать вытекать при
полномочие,исполнение,действовать вытекать при
статья,исполнение,действовать вытекать при
член,исполнение,действовать вытекать при
совет,исполнение,действовать вытекать при
организация,действие,possessive
безопасность,нация,possessive
ответственность,безопасность,possessive
совет,ответственность,possessive
член,имя,possessive
безопасность,совет,на
совет,исполнение,при
совет,ответственность,из
обязанность,выборы,possessive
совет,обязанность,possessive
совет,обязанность,при
безопасность,цель,с
функция,выполнение,possessive
обязанность,функция,possessive
член,соответствие,подчиняться с
статья,соответствие,подчиняться с
член,функция,выполнять
статья,функция,выполнять
совет,решение,с
формулирование,ответственность,указать
формулирование,помощь,указать при
ресурс,сила,possessive
вооружение,дело,possessive
совет,вооружение,possessive
создание,план,possessive
система,создание,possessive
регулирование,система,possessive
вооружение,регулирование,possessive
обязанность,представление,possessive
статья,цель,в
вооружение,дело,для
обязанность,представление,для
голос,вопрос,принять считаться по
решение,вопрос,принять считаться по
решение,совет,possessive
процедура,вопрос,по
совет,член,за
сторона,решение,принять считаться
сторона,вопрос,принять считаться
решение,решение,принять считаться
решение,вопрос,принять считаться
голос,решение,принять считаться
голос,вопрос,принять считаться
сторона,решение,принять считаться по
решение,решение,принять считаться по
голос,решение,принять считаться по
сторона,спор,воздержаться в
голос,глава,possessive
голос,статья,possessive
решение,решение,по
решение,принятие,при
член,цель,объединить для
член,место,объединить в
цель,безопасность,possessive
организация,пребывание,possessive
пребывание,место,в
совет,желание,представить быть
голос,желание,представить быть
совет,голос,представить быть по
голос,голос,представить быть по
желание,голос,по
решение,голос,способствовать
решение,место,способствовать
решение,работа,способствовать
решение,мнение,способствовать по
заседание,совет,possessive
безопасность,пребывание,possessive
пребывание,организация,possessive
голос,голос,во
совет,мнение,по
член,выполнение,possessive
функция,член,possessive
член,выполнение,для
совет,процедура,possessive
избрание,место,possessive
место,председатель,possessive
совет,процедура,включая
совет,участие,внести без
член,участие,внести без
безопасность,участие,внести без
статья,участие,внести без
совет,голос,внести в
член,голос,внести в
безопасность,голос,внести в
статья,голос,внести в
совет,обсуждение,внести в
член,обсуждение,внести в
безопасность,обсуждение,внести в
статья,обсуждение,внести в
совет,организация,possessive
вопрос,заседание,possessive
голос,право,без
заседание,обсуждение,в
безопасность,совет,в
член,член,во
государство,сторона,относиться принять приглашаться рассматривать в
заседание,сторона,относиться принять приглашаться рассматривать в
совет,сторона,относиться принять приглашаться рассматривать в
орган,сторона,относиться принять приглашаться рассматривать в
член,сторона,относиться принять приглашаться рассматривать в
безопасность,сторона,относиться принять приглашаться рассматривать в
статья,сторона,относиться принять приглашаться рассматривать в
государство,спор,относиться принять приглашаться рассматривать в
заседание,спор,относиться принять приглашаться рассматривать в
совет,спор,относиться принять приглашаться рассматривать в
орган,спор,относиться принять приглашаться рассматривать в
член,спор,относиться принять приглашаться рассматривать в
безопасность,спор,относиться принять приглашаться рассматривать в
статья,спор,относиться принять приглашаться рассматривать в
государство,участие,относиться без
заседание,участие,относиться без
совет,участие,относиться без
орган,участие,относиться без
член,участие,относиться без
безопасность,участие,относиться без
статья,участие,относиться без
государство,право,относиться без
заседание,право,относиться без
совет,право,относиться без
орган,право,относиться без
член,право,относиться без
безопасность,право,относиться без
статья,право,относиться без
государство,голос,относиться в
заседание,голос,относиться в
совет,голос,относиться в
орган,голос,относиться в
член,голос,относиться в
безопасность,голос,относиться в
статья,голос,относиться в
государство,обсуждение,относиться в
заседание,обсуждение,относиться в
совет,обсуждение,относиться в
орган,обсуждение,относиться в
член,обсуждение,относиться в
безопасность,обсуждение,относиться в
статья,обсуждение,относиться в
орган,совет,к
совет,орган,не состоять
орган,орган,не состоять
организация,орган,не состоять
порядок,орган,не состоять
совет,условие,не состоять для
орган,условие,не состоять для
организация,условие,не состоять для
порядок,условие,не состоять для
совет,участие,не состоять для
орган,участие,не состоять для
организация,участие,не состоять для
порядок,участие,не состоять для
порядок,безопасность,possessive
государство,участие,possessive
государство,участие,для
статья,участие,стараться прежде
продолжение,участие,стараться прежде
разрешение,участие,стараться прежде
глава,участие,стараться прежде
статья,спор,possessive
статья,сторона,possessive
сторона,участие,possessive
обследование,переговоры,possessive
посредничество,обследование,possessive
примирение,посредничество,possessive
арбитража,примирение,possessive
обращение,разбирательство,possessive
спор,порядок,в
обследование,переговоры,путем
разрешение,сторона,possessive
сторона,разрешение,possessive
совет,сторона,possessive
сторона,средство,possessive
разрешение,сторона,от
сторона,помощь,при
государство,определение,possessive
государство,государство,possessive
спор,государство,possessive
государство,определение,для
ассамблея,ситуация,довести
ассамблея,совет,довести
ассамблея,спор,довести
характер,ситуация,довести
характер,совет,довести
характер,спор,довести
статья,ситуация,довести
статья,совет,довести
статья,спор,довести
организация,ситуация,довести
организация,совет,довести
организация,спор,довести
сведение,ситуация,довести
сведение,совет,довести
сведение,спор,довести
член,ситуация,довести
член,совет,довести
член,спор,довести
ассамблея,статья,довести в
характер,статья,довести в
статья,статья,довести в
организация,статья,довести в
сведение,статья,довести в
член,статья,довести в
совет,сведение,до
разрешение,обязательство,предусмотреть
ассамблея,обязательство,предусмотреть
сведение,обязательство,предусмотреть
государство,обязательство,предусмотреть
разрешение,отношение,предусмотреть
ассамблея,отношение,предусмотреть
сведение,отношение,предусмотреть
государство,отношение,предусмотреть
спор,разрешение,possessive
обязательство,спор,possessive
спор,спор,о
ассамблея,спор,в
спор,глава,на
разрешение,отношение,в
сведение,основание,производиться на
сведение,безопасность,possessive
положение,учет,с
статья,стадия,указать иметь
метод,стадия,указать иметь
совет,стадия,указать иметь
статья,статья,указать иметь в
метод,статья,указать иметь в
совет,статья,указать иметь в
статья,характер,указать
метод,характер,указать
совет,характер,указать
метод,урегулирование,possessive
стадия,статья,в
статья,безопасность,possessive
сведение,разрешение,possessive
спор,сведение,possessive
статья,внимание,во
сведение,разрешение,для
правило,рекомендация,делать
правило,спор,делать
правило,внимание,делать
совет,рекомендация,делать
совет,спор,делать
совет,внимание,делать
правило,основание,делать
совет,основание,делать
правило,сторона,делать в
совет,сторона,делать в
правило,суд,делать в
совет,суд,делать в
правило,соответствие,делать с
совет,соответствие,делать с
правило,положение,делать с
совет,положение,делать с
статья,статута,possessive
статута,суд,possessive
статута,положение,с
дело,характер,указать разрешить указать
статья,характер,указать разрешить указать
дело,статья,не указать разрешить в
статья,статья,не указать разрешить в
дело,учёт,указать при
статья,учёт,указать при
дело,помощь,указать при
статья,помощь,указать при
спор,сторона,possessive
спор,средство,possessive
статья,ассамблея,в
средство,совет,в
спор,спор,мочь в
совет,спор,мочь в
продолжение,спор,мочь в
спор,действительность,мочь в
совет,действительность,мочь в
продолжение,действительность,мочь в
спор,рекомендация,найти
спор,условие,найти
спор,спор,possessive
рекомендация,спор,possessive
статья,основание,на
внимание,разрешение,possessive
спор,внимание,possessive
внимание,спор,possessive
статья,положение,для
спор,совет,в
безопасность,внимание,об
угроза,рекомендация,решать
глава,рекомендация,решать
совет,рекомендация,решать
статья,рекомендация,решать
действие,рекомендация,решать
угроза,основание,решать
глава,основание,решать
совет,основание,решать
статья,основание,решать
действие,основание,решать
угроза,мера,решать о
глава,мера,решать о
совет,мера,решать о
статья,мера,решать о
действие,мера,решать о
угроза,соответствие,решать со
глава,соответствие,решать со
совет,соответствие,решать со
статья,соответствие,решать со
действие,соответствие,решать со
угроза,статья,решать со
глава,статья,решать со
совет,статья,решать со
статья,статья,решать со
действие,статья,решать со
угроза,поддержание,решать для
глава,поддержание,решать для
совет,поддержание,решать для
статья,поддержание,решать для
действие,поддержание,решать для
угроза,нарушение,possessive
нарушение,мир,possessive
статья,агрессия,possessive
угроза,статья,possessive
нарушение,основание,possessive
мир,нарушение,possessive
акт,агрессия,possessive
совет,условие,решить
характер,условие,решить
статья,условие,решить
совет,принятие,потребовать предусмотреть о
характер,принятие,потребовать предусмотреть о
статья,принятие,потребовать предусмотреть о
совет,ситуация,possessive
выполнение,сторона,possessive
условие,выполнение,possessive
условие,мера,possessive
мера,принятие,о
право,ущерб,possessive
положение,сторона,possessive
невыполнение,положение,possessive
мир,акт,не потребовать мочь применяться связать
мир,мера,не потребовать мочь применяться связать
статья,акт,не потребовать мочь применяться связать
статья,мера,не потребовать мочь применяться связать
совет,акт,не потребовать мочь применяться связать
совет,мера,не потребовать мочь применяться связать
мир,использование,потребовать мочь применяться с
статья,использование,потребовать мочь применяться с
совет,использование,потребовать мочь применяться с
мир,осуществление,possessive
мир,решение,possessive
применение,организация,possessive
акт,применение,possessive
мера,акт,possessive
совет,мера,possessive
мир,осуществление,для
организация,член,от
мера,перерыв,включать
разрыв,перерыв,включать
сообщение,средство,possessive
мера,статья,счесть в
мера,действие,оказаться
мера,мера,оказаться
совет,действие,оказаться
совет,мера,оказаться
статья,действие,оказаться
статья,мера,оказаться
ущерб,действие,оказаться
ущерб,мера,оказаться
мера,поддержание,оказаться для
совет,поддержание,оказаться для
статья,поддержание,оказаться для
ущерб,поддержание,оказаться для
мера,статья,в
член,сила,possessive
блокада,член,possessive
право,проход,possessive
совет,распоряжение,в
требование,перерыв,по
степень,войско,possessive
род,готовность,possessive
обслуживание,средство,possessive
характер,обслуживание,possessive
совет,инициатива,по
сила,совет,заключаться между
сила,сила,подлежать
группа,организация,possessive
организация,решение,потребовать
организация,участие,потребовать в
организация,безопасность,потребовать относительно
организация,совет,не потребовать представить в
статья,совет,не потребовать представить в
совет,совет,не потребовать представить в
организация,сила,не потребовать представить во
статья,сила,не потребовать представить во
совет,сила,не потребовать представить во
организация,исполнение,не потребовать представить во
статья,исполнение,не потребовать представить во
совет,исполнение,не потребовать представить во
совет,основание,потребовать представить принять
совет,предоставление,possessive
исполнение,обязательство,possessive
основание,статья,possessive
контингент,использование,possessive
вклад,сила,possessive
член,вклад,possessive
член,член,possessive
совет,решение,в
контингент,использование,относительно
член,мероприятие,объединить
статья,мероприятие,объединить
член,состояние,объединить
статья,состояние,объединить
член,сила,объединить для
статья,сила,объединить для
возможность,нация,possessive
контингенты,готовность,possessive
обеспечение,цель,в
контингент,готовность,possessive
контингент,переговоры,possessive
степень,контингент,possessive
план,безопасность,possessive
план,безопасность,с
план,безопасность,в
безопасность,комитет,possessive
статья,помощь,оказывать
комитет,помощь,оказывать
статья,совет,оказывать
комитет,совет,оказывать
статья,безопасность,оказывать по
комитет,безопасность,оказывать по
статья,решение,относиться
статья,вопрос,относиться
комитет,решение,относиться
комитет,вопрос,относиться
статья,использование,предоставить к
комитет,использование,предоставить к
войско,использование,к
распоряжение,член,в
комитет,представитель,состоять из
штаб,начальник,possessive
представитель,безопасность,possessive
численность,комитет,не представить в
член,комитет,не представить в
осуществление,комитет,не представить в
численность,действие,представить сотрудничать с
член,действие,представить сотрудничать с
осуществление,действие,представить сотрудничать с
комитет,обязанность,possessive
соглашение,участие,possessive
член,соглашение,possessive
член,комитет,possessive
комитет,работа,в
комитет,подчинение,находиться в
комитет,распоряжение,находиться в
комитет,руководство,находиться предоставить
комитет,ответственность,находиться предоставить за
совет,совет,possessive
совет,подчинение,в
вопрос,командование,к
комитет,консультация,учреждать с
совет,разрешение,possessive
комитет,совет,possessive
совет,разрешение,с
организация,совет,определить
решение,выполнение,possessive
совет,решение,possessive
решение,выполнение,для
поддержание,цель,в
действие,сила,possessive
мера,проведение,в
государство,консультация,состоять встать перед
статья,консультация,состоять встать перед
право,консультация,состоять встать перед
разрешение,консультация,состоять встать перед
проблема,консультация,состоять встать перед
государство,безопасность,состоять встать на
статья,безопасность,состоять встать на
право,безопасность,состоять встать на
разрешение,безопасность,состоять встать на
проблема,безопасность,состоять встать на
государство,предмет,состоять встать на
статья,предмет,состоять встать на
право,предмет,состоять встать на
разрешение,предмет,состоять встать на
проблема,предмет,состоять встать на
государство,проведение,консультироваться иметь из
статья,проведение,консультироваться иметь из
право,проведение,консультироваться иметь из
разрешение,проведение,консультироваться иметь из
проблема,проведение,консультироваться иметь из
разрешение,государство,possessive
консультация,разрешение,possessive
консультация,проблема,possessive
безопасность,совет,с
разрешение,предмет,на
устав,мера,не затрагивать
устав,статья,не затрагивать в
устав,нападение,произойти на
совет,нападение,произойти на
статья,нападение,произойти на
устав,мир,произойти на
совет,мир,произойти на
статья,мир,произойти на
совет,член,не произойти принять
пора,решение,possessive
пора,решение,до
мера,совет,принять
мера,организация,принять при
мера,осуществление,принять при
член,право,принять сообщить быть на
совет,право,принять сообщить быть на
мера,право,принять сообщить быть на
член,самооборона,принять сообщить быть на
совет,самооборона,принять сообщить быть на
мера,самооборона,принять сообщить быть на
член,решение,счесть
член,время,счесть
совет,решение,счесть
совет,время,счесть
член,отношение,счесть
член,соответствие,счесть
совет,отношение,счесть
совет,соответствие,счесть
член,решение,possessive
решение,безопасность,possessive
действие,член,possessive
член,действие,possessive
безопасность,поддержание,possessive
решение,осуществление,при
предпринятие,отношение,в
время,решение,в
безопасность,поддержание,для
устав,существование,не препятствовать
устав,мера,не препятствовать
устав,статья,не препятствовать в
мера,разрешение,possessive
орган,мера,possessive
мера,безопасность,possessive
принцип,организация,possessive
орган,мера,к
мера,соглашение,с
спор,мера,possessive
передача,спор,possessive
мера,помощь,при
соглашение,совет,в
пора,помощь,при
пора,мера,по
статья,мера,не затрагивать
статья,организация,не затрагивать в
статья,применение,possessive
мера,организация,в
ответственность,действие,не предприниматься
достижение,действие,не предприниматься
ответственность,соглашение,направить
достижение,соглашение,направить
ответственность,организация,возложить быть мочь по
достижение,организация,возложить быть мочь по
ответственность,просьба,возложить быть мочь по
достижение,просьба,возложить быть мочь по
соглашение,член,possessive
достижение,статья,possessive
достижение,сторона,possessive
достижение,достижение,possessive
государство,достижение,possessive
достижение,время,possessive
достижение,государство,possessive
член,сила,в
безопасность,совет,от
достижение,сторона,со
совет,пункт,относиться в
государство,пункт,относиться в
развитие,пункт,относиться в
термин,пункт,относиться в
совет,течение,подписать являться в
государство,течение,подписать являться в
развитие,течение,подписать являться в
термин,течение,подписать являться в
совет,развитие,подписать из
государство,развитие,подписать из
развитие,развитие,подписать из
термин,развитие,подписать из
совет,государство,подписать из
государство,государство,подписать из
развитие,государство,подписать из
термин,государство,подписать из
совет,действие,предпринять о
статья,действие,предпринять о
статья,отношение,основать между
сотрудничество,отношение,основать между
глава,отношение,основать между
организация,отношение,основать между
статья,нация,основать между
сотрудничество,нация,основать между
глава,нация,основать между
организация,нация,основать между
условие,создание,possessive
стабильность,условие,possessive
организация,народ,possessive
жизнь,уровень,possessive
занятость,население,possessive
развитие,прогресс,possessive
разрешение,развитие,possessive
область,культура,possessive
соблюдение,право,possessive
право,человек,possessive
человек,язык,possessive
принцип,уважение,на
статья,действие,указать в
член,действие,указать в
действие,действие,указать в
статья,сотрудничество,указать с
член,сотрудничество,указать с
действие,сотрудничество,указать с
статья,организация,указать для
член,организация,указать для
действие,организация,указать для
статья,достижение,указать для
член,достижение,указать для
действие,достижение,указать для
цель,достижение,possessive
цель,достижение,для
действие,статья,в
статья,область,поставить быть
учреждение,область,поставить быть
учреждение,образ,именоваться в
действие,образ,именоваться в
учреждение,связь,именоваться с
действие,связь,именоваться с
учреждение,организация,именоваться с
действие,организация,именоваться с
статья,рекомендация,делать
организация,рекомендация,делать
статья,согласование,делать по
организация,согласование,делать по
рекомендация,политика,possessive
политика,согласование,по
цель,инициатива,проявлять в
статья,инициатива,проявлять в
государство,инициатива,проявлять в
организация,инициатива,проявлять в
цель,действие,проявлять в
статья,действие,проявлять в
государство,действие,проявлять в
организация,действие,проявлять в
цель,переговоры,проявлять к
статья,переговоры,проявлять к
государство,переговоры,проявлять к
организация,переговоры,проявлять к
цель,создание,проявлять о
статья,создание,проявлять о
государство,создание,проявлять о
организация,создание,проявлять о
цель,выполнение,указать для
статья,выполнение,указать для
государство,выполнение,указать для
организация,выполнение,указать для
цель,учреждение,possessive
цель,выполнение,possessive
надобность,случай,в
переговоры,создание,о
цель,выполнение,для
надобность,статья,в
статья,глава,возлагаться
ответственность,глава,возлагаться
ассамблея,глава,возлагаться
глава,глава,возлагаться
состав,глава,возлагаться
совет,глава,возлагаться
полномочие,глава,возлагаться
статья,цель,предоставляться для
ответственность,цель,предоставляться для
ассамблея,цель,предоставляться для
глава,цель,предоставляться для
состав,цель,предоставляться для
совет,цель,предоставляться для
полномочие,цель,предоставляться для
организация,функция,possessive
цель,статья,possessive
число,увеличение,possessive
член,число,possessive
срок,член,possessive
учреждение,полномочие,possessive
год,случай,possessive
число,увеличение,после
случай,конец,в
срок,полномочие,possessive
функция,полномочие,possessive
срок,функция,possessive
соблюдение,представитель,possessive
функция,доклад,составлять по
совет,доклад,составлять по
полномочие,доклад,составлять по
статья,доклад,составлять по
функция,вопрос,составлять в
совет,вопрос,составлять в
полномочие,вопрос,составлять в
статья,вопрос,составлять в
функция,область,составлять в
совет,область,составлять в
полномочие,область,составлять в
статья,область,составлять в
функция,член,побуждать
совет,член,побуждать
полномочие,член,побуждать
статья,член,побуждать
функция,член,побуждать к
совет,член,побуждать к
полномочие,член,побуждать к
статья,член,побуждать к
функция,член,делать
совет,член,делать
полномочие,член,делать
статья,член,делать
функция,член,делать из
совет,член,делать из
полномочие,член,делать из
статья,член,делать из
функция,учреждение,делать по
совет,учреждение,делать по
полномочие,учреждение,делать по
статья,учреждение,делать по
вопрос,член,possessive
член,ассамблее,possessive
учреждение,организация,possessive
уважение,поощрение,possessive
поощрение,цель,в
соблюдение,право,для
совет,проект,уполномочиваться
совет,ассамблее,уполномочиваться
совет,представление,уполномочиваться для
совет,конвенция,уполномочиваться по
совет,срок,уполномочиваться в
совет,компетенция,уполномочиваться по
совет,вопрос,уполномочиваться входить
представление,конвенция,possessive
представление,конвенция,по
компетенция,срок,в
конференция,компетенция,уполномочиваться
совет,компетенция,уполномочиваться
конференция,соответствие,уполномочиваться
совет,соответствие,уполномочиваться
конференция,совет,уполномочиваться в
совет,совет,уполномочиваться в
конференция,вопрос,уполномочиваться входить по
совет,вопрос,уполномочиваться входить по
соглашение,статья,определять
соглашение,учреждение,поставить быть
совет,учреждение,поставить быть
статья,учреждение,поставить быть
учреждение,функция,на
функция,организация,с
совет,соглашение,уполномочиваться с
совет,член,уполномочиваться с
совет,учреждение,уполномочиваться с
совет,цель,уполномочиваться с
ассамблея,доклад,предпринять о
совет,доклад,предпринять о
ассамблея,мера,предпринять о
совет,мера,предпринять о
ассамблея,вопрос,входить по
совет,вопрос,входить по
ассамблея,рекомендация,possessive
совет,исполнение,во
ассамблея,совет,в
совет,учреждение,уполномочиваться
совет,доклад,уполномочиваться
совет,замечание,уполномочиваться по
совет,соглашение,уполномочиваться по
информация,безопасность,possessive
совет,предложение,по
мера,мера,входить
мера,функция,входить
компетенция,совет,в
совет,одобрение,possessive
совет,одобрение,с
член,просьба,по
замечание,замечание,перечислить
замечание,функция,перечислить
часть,замечание,в
член,голос,possessive
совет,выполнение,possessive
совет,функция,possessive
совет,выполнение,для
совет,голос,представлять в
статья,голос,представлять в
совет,обсуждение,представлять в
статья,обсуждение,представлять в
член,голосование,possessive
голосование,имя,possessive
вопрос,голосование,possessive
имя,обсуждение,в
член,совет,для
представитель,голос,possessive
представитель,участие,possessive
совет,представитель,possessive
вопрос,обсуждение,в
совет,мероприятие,входить для
статья,мероприятие,входить для
совет,консультация,входить с
статья,консультация,входить с
совет,вопрос,входить в
статья,вопрос,входить в
право,случай,быть
мероприятие,случай,быть
право,надобность,быть с
мероприятие,надобность,быть с
право,организация,быть после
мероприятие,организация,быть после
право,консультация,быть с
мероприятие,консультация,быть с
право,избрание,possessive
право,председатель,possessive
избрание,порядок,включая
совет,большинство,possessive
надобность,мера,по
правило,представитель,со
заседание,созыв,о
большинство,требование,по
член,народ,принимать
член,совет,принимать
член,принцип,принимать
консультация,народ,принимать
консультация,совет,принимать
консультация,принцип,принимать
действие,народ,принимать
действие,совет,принимать
действие,принцип,принимать
прогресс,народ,принимать
прогресс,совет,принимать
прогресс,принцип,принимать
совет,народ,принимать
совет,совет,принимать
совет,принцип,принимать
мероприятие,народ,принимать
мероприятие,совет,принимать
мероприятие,принцип,принимать
статья,народ,принимать
статья,совет,принимать
статья,принцип,принимать
декларация,народ,принимать
декларация,совет,принимать
декларация,принцип,принимать
стремление,народ,принимать
стремление,совет,принимать
стремление,принцип,принимать
глава,народ,принимать
глава,совет,принимать
глава,принцип,принимать
член,ответственность,принимать за
консультация,ответственность,принимать за
действие,ответственность,принимать за
прогресс,ответственность,принимать за
совет,ответственность,принимать за
мероприятие,ответственность,принимать за
статья,ответственность,принимать за
декларация,ответственность,принимать за
стремление,ответственность,принимать за
глава,ответственность,принимать за
член,управление,принимать за
консультация,управление,принимать за
действие,управление,принимать за
прогресс,управление,принимать за
совет,управление,принимать за
мероприятие,управление,принимать за
статья,управление,принимать за
декларация,управление,принимать за
стремление,управление,принимать за
глава,управление,принимать за
член,долг,принимать
консультация,долг,принимать
действие,долг,принимать
прогресс,долг,принимать
совет,долг,принимать
мероприятие,долг,принимать
статья,долг,принимать
декларация,долг,принимать
стремление,долг,принимать
глава,долг,принимать
член,благополучие,способствовать
консультация,благополучие,способствовать
действие,благополучие,способствовать
прогресс,благополучие,способствовать
совет,благополучие,способствовать
мероприятие,благополучие,способствовать
статья,благополучие,способствовать
декларация,благополучие,способствовать
стремление,благополучие,способствовать
глава,благополучие,способствовать
член,территория,способствовать в
консультация,территория,способствовать в
действие,территория,способствовать в
прогресс,территория,способствовать в
совет,территория,способствовать в
мероприятие,территория,способствовать в
статья,территория,способствовать в
декларация,территория,способствовать в
стремление,территория,способствовать в
глава,территория,способствовать в
член,рамка,способствовать в
консультация,рамка,способствовать в
действие,рамка,способствовать в
прогресс,рамка,способствовать в
совет,рамка,способствовать в
мероприятие,рамка,способствовать в
статья,рамка,способствовать в
декларация,рамка,способствовать в
стремление,рамка,способствовать в
глава,рамка,способствовать в
член,защита,помогать учитывать развивать
консультация,защита,помогать учитывать развивать
действие,защита,помогать учитывать развивать
прогресс,защита,помогать учитывать развивать
совет,защита,помогать учитывать развивать
мероприятие,защита,помогать учитывать развивать
статья,защита,помогать учитывать развивать
декларация,защита,помогать учитывать развивать
стремление,защита,помогать учитывать развивать
глава,защита,помогать учитывать развивать
член,консультация,помогать учитывать развивать от
консультация,консультация,помогать учитывать развивать от
действие,консультация,помогать учитывать развивать от
прогресс,консультация,помогать учитывать развивать от
совет,консультация,помогать учитывать развивать от
мероприятие,консультация,помогать учитывать развивать от
статья,консультация,помогать учитывать развивать от
декларация,консультация,помогать учитывать развивать от
стремление,консультация,помогать учитывать развивать от
глава,консультация,помогать учитывать развивать от
член,злоупотребление,помогать учитывать развивать от
консультация,злоупотребление,помогать учитывать развивать от
действие,злоупотребление,помогать учитывать развивать от
прогресс,злоупотребление,помогать учитывать развивать от
совет,злоупотребление,помогать учитывать развивать от
мероприятие,злоупотребление,помогать учитывать развивать от
статья,злоупотребление,помогать учитывать развивать от
декларация,злоупотребление,помогать учитывать развивать от
стремление,злоупотребление,помогать учитывать развивать от
глава,злоупотребление,помогать учитывать развивать от
член,самоуправление,помогать учитывать
консультация,самоуправление,помогать учитывать
действие,самоуправление,помогать учитывать
прогресс,самоуправление,помогать учитывать
совет,самоуправление,помогать учитывать
мероприятие,самоуправление,помогать учитывать
статья,самоуправление,помогать учитывать
декларация,самоуправление,помогать учитывать
стремление,самоуправление,помогать учитывать
глава,самоуправление,помогать учитывать
член,организация,изложить ради
консультация,организация,изложить ради
действие,организация,изложить ради
прогресс,организация,изложить ради
совет,организация,изложить ради
мероприятие,организация,изложить ради
статья,организация,изложить ради
декларация,организация,изложить ради
стремление,организация,изложить ради
глава,организация,изложить ради
член,информация,относиться
член,статья,относиться
консультация,информация,относиться
консультация,статья,относиться
действие,информация,относиться
действие,статья,относиться
прогресс,информация,относиться
прогресс,статья,относиться
совет,информация,относиться
совет,статья,относиться
мероприятие,информация,относиться
мероприятие,статья,относиться
статья,информация,относиться
статья,статья,относиться
декларация,информация,относиться
декларация,статья,относиться
стремление,информация,относиться
стремление,статья,относиться
глава,информация,относиться
глава,статья,относиться
член,ответственность,распространяться кроме
консультация,ответственность,распространяться кроме
действие,ответственность,распространяться кроме
прогресс,ответственность,распространяться кроме
совет,ответственность,распространяться кроме
мероприятие,ответственность,распространяться кроме
статья,ответственность,распространяться кроме
декларация,ответственность,распространяться кроме
стремление,ответственность,распространяться кроме
глава,ответственность,распространяться кроме
член,консультация,распространяться кроме
консультация,консультация,распространяться кроме
действие,консультация,распространяться кроме
прогресс,консультация,распространяться кроме
совет,консультация,распространяться кроме
мероприятие,консультация,распространяться кроме
статья,консультация,распространяться кроме
декларация,консультация,распространяться кроме
стремление,консультация,распространяться кроме
глава,консультация,распространяться кроме
член,территория,распространяться на
консультация,территория,распространяться на
действие,территория,распространяться на
прогресс,территория,распространяться на
совет,территория,распространяться на
мероприятие,территория,распространяться на
статья,территория,распространяться на
декларация,территория,распространяться на
стремление,территория,распространяться на
глава,территория,распространяться на
член,консультация,распространяться на
консультация,консультация,распространяться на
действие,консультация,распространяться на
прогресс,консультация,распространяться на
совет,консультация,распространяться на
мероприятие,консультация,распространяться на
статья,консультация,распространяться на
декларация,консультация,распространяться на
стремление,консультация,распространяться на
глава,консультация,распространяться на
статья,территория,possessive
консультация,нация,possessive
консультация,население,possessive
территория,консультация,possessive
цель,народ,possessive
народ,консультация,possessive
ступень,консультация,possessive
ступень,развитие,possessive
безопасность,мероприятие,possessive
ограничение,безопасность,possessive
действие,глава,possessive
ответственность,статья,на
территория,управление,за
система,рамка,в
образование,область,в
ступень,консультация,с
безопасность,соображение,по
территория,консультация,кроме
политика,отношение,соглашаться
политика,принцип,соглашаться
политика,отношение,соглашаться в
политика,территория,соглашаться на
политика,организация,соглашаться на
политика,метрополия,соглашаться на
политика,добрососедство,соглашаться с
мир,мероприятие,possessive
отношение,организация,на
организация,отношение,в
добрососедство,принцип,на
статья,опека,possessive
правило,управление,possessive
руководство,правило,под
правило,управление,для
правило,статья,в
территория,правило,для
территория,правило,за
вид,статья,состоять в
статья,статья,состоять в
глава,статья,состоять в
задача,статья,состоять в
соглашение,статья,состоять в
соглашение,опек,поощрять об
вид,признание,обеспечивать
статья,признание,обеспечивать
глава,признание,обеспечивать
задача,признание,обеспечивать
соглашение,признание,обеспечивать
вид,задача,изложить при
статья,задача,изложить при
глава,задача,изложить при
задача,задача,изложить при
соглашение,задача,изложить при
вид,условие,изложить при
статья,условие,изложить при
глава,условие,изложить при
задача,условие,изложить при
соглашение,условие,изложить при
задача,система,possessive
система,опека,possessive
территория,население,possessive
уважение,образование,possessive
декларация,условие,possessive
территория,декларация,possessive
уважение,территория,possessive
народ,территория,possessive
уважение,народ,possessive
соглашение,принцип,possessive
уважение,право,possessive
язык,религия,possessive
народ,взаимозависимость,possessive
мир,народ,possessive
положение,соблюдение,possessive
опека,цель,с
принцип,опека,под
организация,член,к
правосудие,отправление,в
соблюдение,условие,при
член,территория,включить отторгнуты быть мочь находиться
статья,территория,включить отторгнуты быть мочь находиться
система,территория,включить отторгнуты быть мочь находиться
член,соглашение,включить отторгнуты быть мочь находиться об
статья,соглашение,включить отторгнуты быть мочь находиться об
система,соглашение,включить отторгнуты быть мочь находиться об
член,опек,включить отторгнуты быть мочь находиться об
статья,опек,включить отторгнуты быть мочь находиться об
система,опек,включить отторгнуты быть мочь находиться об
член,результат,включить
статья,результат,включить
система,результат,включить
член,государство,включить в
статья,государство,включить в
система,государство,включить в
член,категория,possessive
член,территория,possessive
территория,война,possessive
государство,опека,possessive
территория,член,на
опека,территория,из
член,статья,в
территория,опек,об
территория,мандат,под
опека,система,в
управление,член,за
вопрос,условие,быть
нация,условие,быть
вопрос,система,быть в
нация,система,быть в
вопрос,опека,быть на
нация,опека,быть на
вопрос,нация,быть на
нация,нация,быть на
условие,нация,на
статья,уважение,распространяться стать
система,уважение,распространяться стать
статья,страна,распространяться стать на
система,страна,распространяться стать на
статья,отношение,распространяться стать между
система,отношение,распространяться стать между
статья,нация,распространяться стать между
система,нация,распространяться стать между
отношение,организация,possessive
член,нация,между
член,нация,на
условие,территория,находиться
условие,случай,находиться
статья,территория,находиться
статья,случай,находиться
изменение,территория,находиться
изменение,случай,находиться
соответствие,территория,находиться
соответствие,случай,находиться
поправка,территория,находиться
поправка,случай,находиться
условие,государство,находиться включая
статья,государство,находиться включая
изменение,государство,находиться включая
соответствие,государство,находиться включая
поправка,государство,находиться включая
условие,странымандатария,находиться в
статья,странымандатария,находиться в
изменение,странымандатария,находиться в
соответствие,странымандатария,находиться в
поправка,странымандатария,находиться в
условие,соответствие,находиться в
статья,соответствие,находиться в
изменение,соответствие,находиться в
соответствие,соответствие,находиться в
поправка,соответствие,находиться в
условие,статья,предусмотреть в
статья,статья,предусмотреть в
изменение,статья,предусмотреть в
соответствие,статья,предусмотреть в
поправка,статья,предусмотреть в
условие,опека,possessive
территория,организация,possessive
число,соответствие,в
случай,соответствие,в
соответствие,мандат,под
категория,опек,включать
статья,опек,включать
изменение,опек,включать
уважение,опек,включать
член,опек,включать
категория,соглашение,включать об
статья,соглашение,включать об
изменение,соглашение,включать об
уважение,соглашение,включать об
член,соглашение,включать об
категория,заключенный,включать согласно
статья,заключенный,включать согласно
изменение,заключенный,включать согласно
уважение,заключенный,включать согласно
член,заключенный,включать согласно
категория,статья,включать согласно
статья,статья,включать согласно
изменение,статья,включать согласно
уважение,статья,включать согласно
член,статья,включать согласно
категория,случай,possessive
категория,заключение,possessive
соглашение,категория,possessive
уважение,соглашение,possessive
статья,категория,possessive
категория,право,possessive
государство,категория,possessive
категория,народ,possessive
участник,соглашение,possessive
условие,категория,possessive
заключенный,опек,об
категория,заключение,до
территория,система,давать
территория,включение,давать
территория,статья,давать
заключение,переговоры,possessive
соглашение,заключение,possessive
отсрочка,включение,о
статья,управление,определять
власть,управление,определять
статья,территория,определять под
власть,территория,определять под
статья,опека,определять под
власть,опека,определять под
случай,принцип,в
случай,отношение,на
статья,опека,под
организация,нация,possessive
район,образ,определяться мочь в
соглашение,образ,определяться мочь в
статья,образ,определяться мочь в
случай,образ,определяться мочь в
район,соглашение,определяться мочь об
соглашение,соглашение,определяться мочь об
статья,соглашение,определяться мочь об
случай,соглашение,определяться мочь об
район,опек,определяться мочь об
соглашение,опек,определяться мочь об
статья,опек,определяться мочь об
случай,опек,определяться мочь об
статья,исключение,possessive
соглашение,образ,в
статья,статья,на
статья,исключение,для
соглашение,основание,на
статья,район,объединить включая
статья,утверждение,объединить включая
статья,условие,объединить об
статья,соглашение,объединить об
статья,опек,объединить об
утверждение,условие,possessive
утверждение,условие,об
народ,ущерб,possessive
народ,ущерб,из
совет,ущерб,пользоваться для
государство,ущерб,пользоваться для
совет,требование,пользоваться для
государство,требование,пользоваться для
безопасность,требование,possessive
государство,выполнение,possessive
государство,функция,possessive
безопасность,опек,об
безопасность,требование,для
государство,выполнение,для
опека,система,с
обеспечение,статья,являться
обеспечение,поддержание,являться
обеспечение,роль,являться в
территория,опека,являться играть под
обеспечение,соглашение,possessive
сила,отношение,уполномочиваться
сила,выполнение,уполномочиваться
власть,отношение,уполномочиваться
власть,выполнение,уполномочиваться
помощь,отношение,уполномочиваться
помощь,выполнение,уполномочиваться
сила,власть,уполномочиваться перед
власть,власть,уполномочиваться перед
помощь,власть,уполномочиваться перед
сила,территория,принять под
власть,территория,принять под
помощь,территория,принять под
сила,опека,принять при
власть,опека,принять при
помощь,опека,принять при
сила,выполнение,принять при
власть,выполнение,принять при
помощь,выполнение,принять при
поддержание,закон,possessive
обязательство,выполнение,при
отношение,выполнение,в
безопасность,совет,перед
поддержание,закон,под
территория,предел,в
статья,число,объединить к
статья,отношение,не объединить отнести
статья,нация,не объединить отнести в
статья,соглашение,не объединить отнести об
статья,опек,не объединить отнести для
статья,условие,не объединить отнести для
район,условие,possessive
соглашение,отношение,в
район,условие,для
выполнение,условие,possessive
статья,опек,распределялось оказаться мочь избрать управлять поименовать управлять объединить состоять
состав,опек,распределялось оказаться мочь избрать управлять поименовать управлять объединить состоять
совет,опек,распределялось оказаться мочь избрать управлять поименовать управлять объединить состоять
статья,опек,распределялось оказаться мочь избрать управлять поименовать управлять объединить состоять по
состав,опек,распределялось оказаться мочь избрать управлять поименовать управлять объединить состоять по
совет,опек,распределялось оказаться мочь избрать управлять поименовать управлять объединить состоять по
поддержание,территория,распределялось оказаться мочь избрать управлять поименовать под
средство,территория,распределялось оказаться мочь избрать управлять поименовать под
совет,территория,распределялось оказаться мочь избрать управлять поименовать под
состав,территория,распределялось оказаться мочь избрать управлять поименовать под
глава,территория,распределялось оказаться мочь избрать управлять поименовать под
статья,территория,распределялось оказаться мочь избрать управлять поименовать под
число,территория,распределялось оказаться мочь избрать управлять поименовать под
организация,территория,распределялось оказаться мочь избрать управлять поименовать под
поддержание,опека,распределялось оказаться мочь избрать управлять поименовать под
средство,опека,распределялось оказаться мочь избрать управлять поименовать под
совет,опека,распределялось оказаться мочь избрать управлять поименовать под
состав,опека,распределялось оказаться мочь избрать управлять поименовать под
глава,опека,распределялось оказаться мочь избрать управлять поименовать под
статья,опека,распределялось оказаться мочь избрать управлять поименовать под
число,опека,распределялось оказаться мочь избрать управлять поименовать под
организация,опека,распределялось оказаться мочь избрать управлять поименовать под
средство,статья,не распределялось оказаться мочь избрать управлять
поддержание,территория,распределялось оказаться мочь избрать под
средство,территория,распределялось оказаться мочь избрать под
совет,территория,распределялось оказаться мочь избрать под
состав,территория,распределялось оказаться мочь избрать под
глава,территория,распределялось оказаться мочь избрать под
статья,территория,распределялось оказаться мочь избрать под
число,территория,распределялось оказаться мочь избрать под
организация,территория,распределялось оказаться мочь избрать под
поддержание,срок,распределялось оказаться мочь
число,совет,распределялось по
число,опек,распределялось по
средство,нация,possessive
член,средство,possessive
число,поддержание,possessive
средство,число,possessive
поддержание,обеспечение,possessive
средство,опека,под
поддержание,опека,под
поддержание,обеспечение,для
организация,член,между
член,опек,назначить
выполнение,опек,назначить
совет,опек,назначить
лицо,выполнение,по
совет,статья,рассматривать уполномочиваются
ассамблея,статья,рассматривать уполномочиваются
совет,опек,рассматривать уполномочиваются при
ассамблея,опек,рассматривать уполномочиваются при
совет,выполнение,рассматривать уполномочиваются при
ассамблея,выполнение,рассматривать уполномочиваются при
действие,соответствие,рассматривать с
действие,условие,рассматривать с
действие,соглашение,рассматривать об
действие,опек,рассматривать об
совет,функция,упомянуть предпринимать согласовать устраивать консультируться
функция,функция,упомянуть предпринимать согласовать устраивать консультируться
ассамблея,функция,упомянуть предпринимать согласовать устраивать консультируться
действие,функция,упомянуть предпринимать согласовать устраивать консультируться
полномочие,функция,упомянуть предпринимать согласовать устраивать консультируться
статья,функция,упомянуть предпринимать согласовать устраивать консультируться
совет,посещение,упомянуть предпринимать согласовать
функция,посещение,упомянуть предпринимать согласовать
ассамблея,посещение,упомянуть предпринимать согласовать
действие,посещение,упомянуть предпринимать согласовать
полномочие,посещение,упомянуть предпринимать согласовать
статья,посещение,упомянуть предпринимать согласовать
совет,территория,упомянуть предпринимать согласовать под
функция,территория,упомянуть предпринимать согласовать под
ассамблея,территория,упомянуть предпринимать согласовать под
действие,территория,упомянуть предпринимать согласовать под
полномочие,территория,упомянуть предпринимать согласовать под
статья,территория,упомянуть предпринимать согласовать под
совет,опека,упомянуть предпринимать согласовать в
функция,опека,упомянуть предпринимать согласовать в
ассамблея,опека,упомянуть предпринимать согласовать в
действие,опека,упомянуть предпринимать согласовать в
полномочие,опека,упомянуть предпринимать согласовать в
статья,опека,упомянуть предпринимать согласовать в
совет,срок,упомянуть предпринимать
функция,срок,упомянуть предпринимать
ассамблея,срок,упомянуть предпринимать
действие,срок,упомянуть предпринимать
полномочие,срок,упомянуть предпринимать
статья,срок,упомянуть предпринимать
функция,функция,possessive
совет,руководство,под
функция,выполнение,при
соглашение,условие,с
совет,опек,разрабатывать
власть,опек,разрабатывать
статья,опек,разрабатывать
ассамблея,опек,разрабатывать
совет,опека,представлять входить под
власть,опека,представлять входить под
статья,опека,представлять входить под
ассамблея,опека,представлять входить под
ассамблея,компетенция,представлять
население,прогресс,possessive
ассамблея,население,possessive
территория,ассамблея,possessive
опека,территория,possessive
совет,территория,possessive
анкета,ассамблея,possessive
территория,анкета,possessive
ассамблея,основа,на
состав,совет,иметь по
член,совет,иметь по
состав,опек,иметь по
член,опек,иметь по
решение,опек,присутствовать приниматься
процедура,опек,принимать
статья,опек,принимать
совет,опек,принимать
руководство,избрание,possessive
председатель,руководство,possessive
статья,председатель,possessive
статья,совет,по
доклад,опек,созываются
процедура,опек,созываются
заседание,опек,созываются
член,большинство,possessive
правило,прогресс,с
голос,опек,соответствовать пользоваться
совет,опек,соответствовать пользоваться
статья,опек,соответствовать пользоваться
голос,отношение,заинтересовать
голос,голос,заинтересовать
голос,случай,заинтересовать
порядок,часть,действовать
порядок,соответствие,действовать
порядок,статуте,действовать образовать на
порядок,устав,possessive
заседание,суд,possessive
случай,условие,на
статья,решение,обязываться
член,решение,обязываться
суд,решение,обязываться
статья,суд,обязываться по
член,суд,обязываться по
суд,суд,обязываться по
статья,правосудие,обязываться по
член,правосудие,обязываться по
суд,правосудие,обязываться по
статья,дело,обязываться в
член,дело,обязываться в
суд,дело,обязываться в
статья,суд,обязываться в
член,суд,обязываться в
суд,суд,обязываться в
дело,правосудие,по
сторона,дело,не выполнить в
статут,совет,признавать
сторона,принятие,сделать
палата,принятие,сделать
статут,принятие,сделать
сторона,рекомендация,сделать в
палата,рекомендация,сделать в
статут,рекомендация,сделать в
сторона,мера,сделать для
палата,мера,сделать для
статут,мера,сделать для
сторона,приведение,сделать для
палата,приведение,сделать для
статут,приведение,сделать для
сторона,решение,сделать в
палата,решение,сделать в
статут,решение,сделать в
сторона,исполнение,сделать в
палата,исполнение,сделать в
статут,исполнение,сделать в
палата,суд,possessive
статут,безопасность,possessive
решение,приведение,possessive
решение,приведение,для
участник,сила,не препятствовать
участник,разрешение,не препятствовать
участник,член,не препятствовать
участник,суд,не препятствовать
участник,мера,не препятствовать
участник,статья,не препятствовать
участник,участник,не препятствовать
разногласие,участник,possessive
член,разногласие,possessive
участник,участник,possessive
орган,время,объединить
обязательство,время,объединить
орган,разрешение,объединить на
обязательство,разрешение,объединить на
орган,статья,объединить на
обязательство,статья,объединить на
орган,предел,объединить в
обязательство,предел,объединить в
ассамблея,учреждение,дать мочь
ассамблея,обязательство,дать мочь
заключение,вопрос,объединить возникать
заключение,суд,объединить возникать по
круг,нация,possessive
заключение,суд,possessive
круг,деятельность,possessive
обязательство,предел,в
секретариат,организация,состоять для
дело,секретарь,possessive
персонал,дело,possessive
суд,персонал,possessive
дело,секретарь,из
лицо,организация,possessive
статья,опек,возлагаться выполнять
секретарь,опек,возлагаться выполнять
орган,опек,возлагаться выполнять
ассамблея,опек,возлагаться выполнять
орган,функция,возлагаться
орган,орган,возлагаться
орган,совет,possessive
качество,учреждение,в
заседание,орган,на
статья,орган,на
секретарь,ассамблее,представлять
секретарь,отчет,представлять о
секретарь,работа,представлять о
работа,организация,possessive
статья,право,угрожать мочь доводить
секретарь,право,угрожать мочь доводить
рекомендация,право,угрожать мочь доводить
сведение,право,угрожать мочь доводить
сведение,вопрос,угрожать мочь
сведение,рекомендация,угрожать мочь
сведение,мнение,угрожать мочь
рекомендация,вопрос,угрожать мочь
рекомендация,рекомендация,угрожать мочь
рекомендация,мнение,угрожать мочь
сведение,секретарь,угрожать мочь по
рекомендация,секретарь,угрожать мочь по
вопрос,рекомендация,о
мнение,секретарь,по
секретарь,указание,получать
секретарь,организация,получать для
обязанность,заседание,possessive
секретарь,качество,possessive
действие,заседание,possessive
заседание,действие,possessive
секретарь,вопрос,не пытаться на
член,вопрос,не пытаться на
секретарь,влияние,не пытаться при
член,влияние,не пытаться при
секретарь,исполнение,не пытаться при
член,исполнение,не пытаться при
секретарь,обязанность,не пытаться на
член,обязанность,не пытаться на
организация,секретарь,possessive
обязанность,вопрос,possessive
вопрос,исполнение,при
персонал,секретарь,устанавливаемым согласно
статья,секретарь,устанавливаемым согласно
персонал,правило,устанавливаемым согласно
статья,правило,устанавливаемым согласно
персонал,секретариат,possessive
орган,обязанность,в
часть,секретариат,possessive
служба,условие,possessive
компетентность,работоспособность,possessive
определение,компетентность,possessive
подбор,важность,possessive
персонал,подбор,possessive
заключенный,организация,зарегистрировать быть после
статья,организация,зарегистрировать быть после
постановление,организация,зарегистрировать быть после
глава,организация,зарегистрировать быть после
заключенный,вступление,зарегистрировать быть в
статья,вступление,зарегистрировать быть в
постановление,вступление,зарегистрировать быть в
глава,вступление,зарегистрировать быть в
заключенный,сила,зарегистрировать быть в
статья,сила,зарегистрировать быть в
постановление,сила,зарегистрировать быть в
глава,сила,зарегистрировать быть в
заключенный,возможность,зарегистрировать
статья,возможность,зарегистрировать
постановление,возможность,зарегистрировать
глава,возможность,зарегистрировать
соглашение,соглашение,не ссылаться мочь зарегистрировать
служба,соглашение,не ссылаться мочь зарегистрировать
соглашение,соответствие,не ссылаться мочь с
служба,соответствие,не ссылаться мочь с
соглашение,пункт,не ссылаться мочь с
служба,пункт,не ссылаться мочь с
приём,приём,в
договор,служба,на
соглашение,приём,в
соглашение,приём,из
обязательство,устав,оказаться
обязательство,сила,оказаться иметь
статья,сила,оказаться иметь
обязательство,соглашение,оказаться иметь
обязательство,какомулибо,оказаться иметь
обязательство,приём,оказаться иметь
статья,соглашение,оказаться иметь
статья,какомулибо,оказаться иметь
статья,приём,оказаться иметь
обязательство,противоречие,оказаться иметь с
статья,противоречие,оказаться иметь с
обязательство,обязательство,оказаться иметь по
статья,обязательство,оказаться иметь по
обязательство,член,possessive
член,организация,по
обязательство,условие,с
приём,какомулибо,по
важность,обязательство,possessive
важность,член,possessive
достижение,функция,possessive
важность,достижение,possessive
важность,цель,possessive
подбор,территория,на
функция,выполнение,для
статья,нация,possessive
нация,член,possessive
обязательство,обязательство,possessive
организация,достижение,possessive
статья,цель,possessive
член,территория,на
нация,член,из
организация,достижение,для
представитель,член,possessive
обязательство,выполнение,possessive
функция,обязательство,possessive
деятельность,организация,possessive
обязательство,деятельность,с
ассамблея,член,предлагать
ассамблея,конвенция,предлагать для
ассамблея,статья,предлагать для
ассамблея,определение,possessive
применение,деталь,possessive
пункт,применение,possessive
конвенция,организация,possessive
ассамблея,определение,для
цель,статья,для
статья,период,подписать начать давать упомянуть
статья,вступление,подписать начать давать упомянуть в
статья,сила,подписать начать давать упомянуть в
нация,статья,подписать начать давать
нация,мнение,подписать начать давать по
франция,возможность,подписать начать
статья,возможность,подписать начать
нация,возможность,подписать начать
участник,возможность,подписать начать
мероприятие,возможность,подписать начать
друг,возможность,подписать начать
глава,возможность,подписать начать
франция,он,подписать начать
статья,он,подписать начать
нация,он,подписать начать
участник,он,подписать начать
мероприятие,он,подписать начать
друг,он,подписать начать
глава,он,подписать начать
участник,осуществление,подписать
участник,статья,подписать
франция,друг,быть с
друг,друг,быть с
франция,случай,быть в
друг,случай,быть в
франция,необходимость,быть с
друг,необходимость,быть с
франция,нация,быть с
друг,нация,быть с
франция,организация,быть с
друг,организация,быть с
франция,действие,быть от
друг,действие,быть от
франция,имя,быть от
друг,имя,быть от
франция,соответствие,консультироваться с
статья,соответствие,консультироваться с
нация,соответствие,консультироваться с
участник,соответствие,консультироваться с
мероприятие,соответствие,консультироваться с
друг,соответствие,консультироваться с
глава,соответствие,консультироваться с
франция,положение,консультироваться с
статья,положение,консультироваться с
нация,положение,консультироваться с
участник,положение,консультироваться с
мероприятие,положение,консультироваться с
друг,положение,консультироваться с
глава,положение,консультироваться с
нация,соглашение,possessive
обязанность,нация,possessive
участник,декларация,possessive
город,октябрь,possessive
декларация,статья,possessive
нация,организация,possessive
нация,сила,в
пункт,положение,с
случай,нация,с
случай,нация,от
нация,цель,с
устав,мера,не предпринять лишать
статья,мера,не предпринять лишать
достижение,мера,не предпринять лишать
устав,организация,не предпринять лишать в
статья,организация,не предпринять лишать в
достижение,организация,не предпринять лишать в
достижение,действие,санкционированные
достижение,член,санкционированные
достижение,ответственность,санкционированные
достижение,результат,санкционированные
достижение,отношение,санкционированные
устав,течение,подписать быть в
статья,течение,подписать быть в
достижение,течение,подписать быть в
устав,достижение,подписать из
статья,достижение,подписать из
достижение,достижение,подписать из
устав,государство,подписать из
статья,государство,подписать из
достижение,государство,подписать из
устав,период,не препятствовать
устав,действие,не препятствовать
статья,период,не препятствовать
статья,действие,не препятствовать
достижение,период,не препятствовать
достижение,действие,не препятствовать
действие,член,за
достижение,отношение,в
поправка,устав,вступать
представитель,соответствие,принять с
представитель,организация,принять включая
представитель,представитель,принять включая
член,представитель,possessive
член,представитель,для
рекомендация,совет,possessive
рекомендация,место,в
организация,конференция,на
изменение,устав,possessive
участник,голос,possessive
конференция,участник,possessive
правительство,совет,possessive
ассамблея,сессия,включаться созвать считать
глава,предложение,включаться созвать
ассамблея,предложение,включаться созвать
конференция,предложение,включаться созвать
статья,предложение,включаться созвать
глава,устав,включаться созвать в
ассамблея,устав,включаться созвать в
конференция,устав,включаться созвать в
статья,устав,включаться созвать в
глава,сила,включаться созвать в
ассамблея,сила,включаться созвать в
конференция,сила,включаться созвать в
статья,сила,включаться созвать в
глава,статья,включаться
глава,конференция,включаться
ассамблея,статья,включаться
ассамблея,конференция,включаться
конференция,статья,включаться
конференция,конференция,включаться
статья,статья,включаться
статья,конференция,включаться
статья,день,possessive
сессия,статья,possessive
предложение,сила,в
день,повестка,в
устав,грамота,сдаваться
устав,хранение,сдаваться
устав,правительство,подписать извещать быть соединить
изменение,правительство,подписать извещать быть соединить
устав,изменение,подписать
изменение,изменение,подписать
устав,сдача,подписать на
изменение,сдача,подписать на
устав,хранение,подписать на
изменение,хранение,подписать на
америка,штат,possessive
изменение,америка,possessive
грамота,конференция,possessive
изменение,грамота,possessive
конференция,хранение,на
устав,сдача,подписать соединить на
устав,устав,подписать
устав,великобритание,подписать
большинство,треть,possessive
протокол,государство,соединить
протокол,сдача,соединить на
протокол,копия,соединить с
протокол,вступление,соединить с
протокол,устав,соединить с
протокол,голос,соединить подписать
правительство,вступление,possessive
копия,грамота,possessive
правительство,вступление,после
сдача,день,possessive
государство,сдача,possessive
сдача,день,со
государство,хранение,на
устав,архив,соединить в
текст,архив,соединить в
статья,архив,соединить в
текст,правительство,possessive
правительство,архив,в
правительство,правительство,подписать
устать,правительство,подписать
грамота,грамота,possessive
союз,государство,possessive
удостоверение,хранение,possessive
представитель,правительство,possessive
тысяча,день,possessive
санфранциско,год,possessive
август,год,possessive
статья,вопрос,принять считаться
голос,голос,совпадать
статья,голос,совпадать
число,член,possessive
число,сила,вступить
число,совет,вступить с
сентябрь,год,possessive
сентябрь,год,до
поправка,время,предусматривать
ассамблея,время,предусматривать
пункт,статья,possessive
государствчлен,конференция,possessive
устав,пересмотр,possessive
голос,возможность,предусматривать
год,конференция,рассмотреть быть по
голос,конференция,рассмотреть быть по
пункт,конференция,рассмотреть быть по
ассамблея,конференция,рассмотреть быть по
год,пересмотр,рассмотреть быть по
голос,пересмотр,рассмотреть быть по
пункт,пересмотр,рассмотреть быть по
ассамблея,пересмотр,рассмотреть быть по
конференция,созыв,possessive
устав,пересмотр,по
